Timestamp_s,EEG1_Cardiac_Coupling,Cardiac_Vascular_Coupling,PyTorch_Health_Index,Status
1.00,0.0924,0.9717,55.77,NORMAL
1.00,-0.1496,0.9440,55.15,NORMAL
1.01,-0.3120,0.9697,55.02,NORMAL
1.01,-0.1815,0.9461,55.89,NORMAL
1.02,-0.3226,0.9685,55.41,NORMAL
1.02,-0.1683,0.9619,55.19,NORMAL
1.02,-0.2549,0.9677,55.41,NORMAL
1.03,-0.2450,0.9630,55.10,NORMAL
1.03,-0.1495,0.9427,55.04,NORMAL
1.04,-0.2021,0.9265,55.44,NORMAL
1.04,-0.0898,0.9638,54.56,NORMAL
1.04,-0.3107,0.9693,54.47,NORMAL
1.05,-0.3013,0.9666,55.33,NORMAL
1.05,-0.0222,0.9475,54.98,NORMAL
1.06,-0.0853,0.9706,54.43,NORMAL
1.06,-0.2596,0.9494,55.82,NORMAL
1.06,-0.0883,0.9506,55.36,NORMAL
1.07,-0.0767,0.9729,55.21,NORMAL
1.07,-0.0081,0.9706,55.46,NORMAL
1.08,0.1444,0.9665,55.56,NORMAL
1.08,0.3232,0.9668,56.56,NORMAL
1.08,0.0644,0.9656,55.74,NORMAL
1.09,-0.0650,0.9666,55.57,NORMAL
1.09,0.3184,0.8932,56.05,NORMAL
1.10,0.1369,0.9715,55.43,NORMAL
1.10,0.1034,0.9708,55.13,NORMAL
1.10,-0.2552,0.9502,55.65,NORMAL
1.11,-0.2274,0.9731,55.26,NORMAL
1.11,-0.3754,0.9526,55.54,NORMAL
1.12,-0.1860,0.9615,55.43,NORMAL
1.12,-0.1201,0.9725,56.15,NORMAL
1.12,-0.2497,0.9763,55.47,NORMAL
1.13,-0.3561,0.9637,55.65,NORMAL
1.13,-0.1531,0.9489,55.09,NORMAL
1.14,-0.0910,0.9775,55.27,NORMAL
1.14,0.1112,0.9183,55.54,NORMAL
1.14,0.0412,0.9682,55.62,NORMAL
1.15,-0.2946,0.9212,54.81,NORMAL
1.15,-0.0358,0.9363,55.23,NORMAL
1.16,-0.0290,0.9709,54.94,NORMAL
1.16,0.1397,0.9732,55.75,NORMAL
1.16,0.0106,0.9721,54.98,NORMAL
1.17,-0.0031,0.9775,55.46,NORMAL
1.17,0.0628,0.9309,55.69,NORMAL
1.18,0.2136,0.9555,55.76,NORMAL
1.18,0.1057,0.9137,55.70,NORMAL
1.18,0.0480,0.9573,55.11,NORMAL
1.19,-0.1080,0.8965,55.27,NORMAL
1.19,0.1939,0.9633,56.20,NORMAL
1.20,0.2014,0.9410,55.35,NORMAL
1.20,0.0276,0.9724,55.07,NORMAL
1.20,0.1880,0.9613,55.78,NORMAL
1.21,0.0258,0.9663,55.48,NORMAL
1.21,0.0898,0.9704,55.74,NORMAL
1.22,-0.1594,0.9720,55.00,NORMAL
1.22,-0.2512,0.9747,55.81,NORMAL
1.22,-0.3008,0.9756,55.66,NORMAL
1.23,-0.2299,0.9473,55.71,NORMAL
1.23,-0.1020,0.9619,54.90,NORMAL
1.24,-0.2121,0.9747,55.80,NORMAL
1.24,-0.2033,0.9343,55.72,NORMAL
1.24,-0.0935,0.9766,55.33,NORMAL
1.25,-0.2209,0.9553,55.34,NORMAL
1.25,-0.1947,0.9608,55.68,NORMAL
1.26,0.0280,0.9785,55.22,NORMAL
1.26,0.1041,0.9773,55.61,NORMAL
1.26,0.0758,0.9550,55.55,NORMAL
1.27,0.0204,0.9721,55.37,NORMAL
1.27,0.1707,0.9601,55.81,NORMAL
1.28,0.0377,0.9533,54.97,NORMAL
1.28,0.3080,0.9265,55.70,NORMAL
1.28,0.0659,0.9588,54.82,NORMAL
1.29,0.2087,0.9432,54.89,NORMAL
1.29,0.0490,0.9617,55.79,NORMAL
1.30,0.1690,0.9423,55.75,NORMAL
1.30,0.1346,0.9725,56.13,NORMAL
1.30,0.0505,0.9290,55.83,NORMAL
1.31,0.1973,0.9594,55.61,NORMAL
1.31,0.1188,0.9743,55.70,NORMAL
1.32,-0.1976,0.9620,55.84,NORMAL
1.32,-0.0802,0.9669,55.44,NORMAL
1.32,0.0045,0.9367,55.90,NORMAL
